User Name,User Email,Principal Type,Principal ID,Subscription,Subscription ID,Role,Scope,Assignment ID,Privileged,Generated At
Unknown,,Unknown,6d13113e-303d-4836-82d7-bc17b6dd40cb,Anoopg2,8eea2abd-6f2b-46d1-adf4-1e59650cd40e,Owner,/subscriptions/8eea2abd-6f2b-46d1-adf4-1e59650cd40e,/subscriptions/8eea2abd-6f2b-46d1-adf4-1e59650cd40e/providers/Microsoft.Authorization/roleAssignments/c3f13c1c-2213-4cf8-89fd-2048bb5fac19,YES,2026-09-15T09:33:27.442092+00:00
Unknown,,Unknown,2ad06bec-63f6-4875-b8e3-4ec813ee8f09,Anoopg2,8eea2abd-6f2b-46d1-adf4-1e59650cd40e,Owner,/subscriptions/8eea2abd-6f2b-46d1-adf4-1e59650cd40e,/subscriptions/8eea2abd-6f2b-46d1-adf4-1e59650cd40e/providers/Microsoft.Authorization/roleAssignments/21de8be6-2291-40d9-9d2c-1b432faa12b0,YES,2026-09-15T09:33:27.442092+00:00
Unknown,,Unknown,683a49d7-5e8c-4203-af47-923a3aa4ecb9,Anoopg2,8eea2abd-6f2b-46d1-adf4-1e59650cd40e,Contributor,/subscriptions/8eea2abd-6f2b-46d1-adf4-1e59650cd40e,/subscriptions/8eea2abd-6f2b-46d1-adf4-1e59650cd40e/providers/Microsoft.Authorization/roleAssignments/88046eec-1f86-4bfb-af63-eecbb8f2a76d,YES,2026-09-15T09:33:27.442092+00:00
Unknown,,Unknown,1b6bb121-4022-4b46-9a74-24ca923765aa,Anoopg2,8eea2abd-6f2b-46d1-adf4-1e59650cd40e,Key Vault Secrets Officer,/subscriptions/8eea2abd-6f2b-46d1-adf4-1e59650cd40e,/subscriptions/8eea2abd-6f2b-46d1-adf4-1e59650cd40e/providers/Microsoft.Authorization/roleAssignments/e171b340-4266-4511-9ad0-b4c689d72f58,YES,2026-09-15T09:33:27.442092+00:00
Unknown,,Unknown,2db17b5e-c7cb-46e2-8064-427f2cfe2e13,Anoopg2,8eea2abd-6f2b-46d1-adf4-1e59650cd40e,Network Contributor,/subscriptions/8eea2abd-6f2b-46d1-adf4-1e59650cd40e/resourceGroups/network-rg,/subscriptions/8eea2abd-6f2b-46d1-adf4-1e59650cd40e/resourceGroups/network-rg/providers/Microsoft.Authorization/roleAssignments/aa1a055a-2b47-48b0-8df1-eff96387237b,NO,2026-09-15T09:33:27.442092+00:00
Unknown,,Unknown,2db17b5e-c7cb-46e2-8064-427f2cfe2e13,Anoopg2,8eea2abd-6f2b-46d1-adf4-1e59650cd40e,Reader,/subscriptions/8eea2abd-6f2b-46d1-adf4-1e59650cd40e/resourceGroups/network-rg,/subscriptions/8eea2abd-6f2b-46d1-adf4-1e59650cd40e/resourceGroups/network-rg/providers/Microsoft.Authorization/roleAssignments/d01c5152-294b-459f-86fd-dc29b6a2ebf2,NO,2026-09-15T09:33:27.442092+00:00
Unknown,,Unknown,1f8e1b46-62c8-4871-9008-5a1734520281,Anoopg2,8eea2abd-6f2b-46d1-adf4-1e59650cd40e,Contributor,/subscriptions/8eea2abd-6f2b-46d1-adf4-1e59650cd40e/resourceGroups/MC_aks-rg_aks-tets_eastus,/subscriptions/8eea2abd-6f2b-46d1-adf4-1e59650cd40e/resourceGroups/MC_aks-rg_aks-tets_eastus/providers/Microsoft.Authorization/roleAssignments/58a9da31-878f-45ef-b76d-a41a1807970a,YES,2026-09-15T09:33:27.442092+00:00
Unknown,,Unknown,80529abf-f1c8-422e-ac64-368fbd32d8e4,Anoopg2,8eea2abd-6f2b-46d1-adf4-1e59650cd40e,Contributor,/subscriptions/8eea2abd-6f2b-46d1-adf4-1e59650cd40e,/subscriptions/8eea2abd-6f2b-46d1-adf4-1e59650cd40e/providers/Microsoft.Authorization/roleAssignments/d6120b0b-396f-47e0-889d-e913ccacf7cd,YES,2026-09-15T09:33:27.442092+00:00
Unknown,,Unknown,6cc73a6c-ebc9-4b36-8a04-577beaadc33e,Anoopg2,8eea2abd-6f2b-46d1-adf4-1e59650cd40e,Contributor,/subscriptions/8eea2abd-6f2b-46d1-adf4-1e59650cd40e,/subscriptions/8eea2abd-6f2b-46d1-adf4-1e59650cd40e/providers/Microsoft.Authorization/roleAssignments/e28a27d6-a6cb-41ee-8677-2fa6ddcc045c,YES,2026-09-15T09:33:27.442092+00:00
Unknown,,Unknown,c5f4b88c-fd69-4dd5-b510-4a4a2d478ca1,Anoopg2,8eea2abd-6f2b-46d1-adf4-1e59650cd40e,Contributor,/subscriptions/8eea2abd-6f2b-46d1-adf4-1e59650cd40e,/subscriptions/8eea2abd-6f2b-46d1-adf4-1e59650cd40e/providers/Microsoft.Authorization/roleAssignments/d563cad1-bded-4a0e-9968-b1f9e5509b19,YES,2026-09-15T09:33:27.442092+00:00
Unknown,,Unknown,6c3990a8-5c45-48d2-9f31-d1ed4dbb7074,Anoopg2,8eea2abd-6f2b-46d1-adf4-1e59650cd40e,Contributor,/subscriptions/8eea2abd-6f2b-46d1-adf4-1e59650cd40e,/subscriptions/8eea2abd-6f2b-46d1-adf4-1e59650cd40e/providers/Microsoft.Authorization/roleAssignments/00d44d36-e7d3-46af-b7bd-fd6a5e068c0c,YES,2026-09-15T09:33:27.442092+00:00
Unknown,,Unknown,b86fb91f-7b0c-48bc-bf17-055701b72731,Anoopg2,8eea2abd-6f2b-46d1-adf4-1e59650cd40e,Contributor,/subscriptions/8eea2abd-6f2b-46d1-adf4-1e59650cd40e,/subscriptions/8eea2abd-6f2b-46d1-adf4-1e59650cd40e/providers/Microsoft.Authorization/roleAssignments/fad8a593-5fef-45dd-8bf5-859b90a86148,YES,2026-09-15T09:33:27.442092+00:00
Unknown,,Unknown,42b1a125-2725-49c5-8c98-87c59289a0ad,Anoopg2,8eea2abd-6f2b-46d1-adf4-1e59650cd40e,Contributor,/subscriptions/8eea2abd-6f2b-46d1-adf4-1e59650cd40e,/subscriptions/8eea2abd-6f2b-46d1-adf4-1e59650cd40e/providers/Microsoft.Authorization/roleAssignments/1e08afb8-b246-4d98-b7d9-5c0889274042,YES,2026-09-15T09:33:27.442092+00:00
Unknown,,Unknown,92444ce4-30f3-4011-9d03-7316955b3fe7,Anoop Zindabaad,1bfd01bb-a3e6-4aee-a2ec-5901c46baccc,Owner,/subscriptions/1bfd01bb-a3e6-4aee-a2ec-5901c46baccc,/subscriptions/1bfd01bb-a3e6-4aee-a2ec-5901c46baccc/providers/Microsoft.Authorization/roleAssignments/51ff072e-c9b1-471d-8e85-9f8a277796e9,YES,2026-09-15T09:33:27.442092+00:00
Unknown,,Unknown,d15da2a4-7375-4fb3-aa57-cadc6653c320,Anoop Zindabaad,1bfd01bb-a3e6-4aee-a2ec-5901c46baccc,Owner,/subscriptions/1bfd01bb-a3e6-4aee-a2ec-5901c46baccc,/subscriptions/1bfd01bb-a3e6-4aee-a2ec-5901c46baccc/providers/Microsoft.Authorization/roleAssignments/fec40d2d-f82b-4a00-b180-de75ca6a50c2,YES,2026-09-15T09:33:27.442092+00:00
Unknown,,Unknown,e18cd97f-cf97-45e3-8fef-b363506f2bd4,Anoop Zindabaad,1bfd01bb-a3e6-4aee-a2ec-5901c46baccc,Owner,/subscriptions/1bfd01bb-a3e6-4aee-a2ec-5901c46baccc,/subscriptions/1bfd01bb-a3e6-4aee-a2ec-5901c46baccc/providers/Microsoft.Authorization/roleAssignments/6916911a-6002-4345-b5b5-4d0be418a25b,YES,2026-09-15T09:33:27.442092+00:00
Unknown,,Unknown,5097e610-bb1e-4bbf-811a-12c74f445ed6,Anoop Zindabaad,1bfd01bb-a3e6-4aee-a2ec-5901c46baccc,Owner,/subscriptions/1bfd01bb-a3e6-4aee-a2ec-5901c46baccc,/subscriptions/1bfd01bb-a3e6-4aee-a2ec-5901c46baccc/providers/Microsoft.Authorization/roleAssignments/073d55d8-e380-4f2f-8cf5-7824df4318dd,YES,2026-09-15T09:33:27.442092+00:00
Unknown,,Unknown,56aacebc-252c-4185-9233-1201b9849c4f,Anoop Zindabaad,1bfd01bb-a3e6-4aee-a2ec-5901c46baccc,Owner,/subscriptions/1bfd01bb-a3e6-4aee-a2ec-5901c46baccc,/subscriptions/1bfd01bb-a3e6-4aee-a2ec-5901c46baccc/providers/Microsoft.Authorization/roleAssignments/75578736-6e03-4608-b8bd-bdd2136d723b,YES,2026-09-15T09:33:27.442092+00:00
Unknown,,Unknown,2745ff5f-7420-4b04-a387-dd0dcaf9ff4f,Anoop Zindabaad,1bfd01bb-a3e6-4aee-a2ec-5901c46baccc,Owner,/subscriptions/1bfd01bb-a3e6-4aee-a2ec-5901c46baccc,/subscriptions/1bfd01bb-a3e6-4aee-a2ec-5901c46baccc/providers/Microsoft.Authorization/roleAssignments/f434840c-5a94-4405-94d7-8889d91a98be,YES,2026-09-15T09:33:27.442092+00:00
Unknown,,Unknown,f5f2eae9-109f-4e87-b8f0-0797999d4edb,Anoop Zindabaad,1bfd01bb-a3e6-4aee-a2ec-5901c46baccc,Owner,/subscriptions/1bfd01bb-a3e6-4aee-a2ec-5901c46baccc,/subscriptions/1bfd01bb-a3e6-4aee-a2ec-5901c46baccc/providers/Microsoft.Authorization/roleAssignments/00099464-eb31-4ce2-a884-a639aa5fd8f1,YES,2026-09-15T09:33:27.442092+00:00
Unknown,,Unknown,dd322fe7-161a-44b7-8a5d-a6b8ffc7da64,Anoop Zindabaad,1bfd01bb-a3e6-4aee-a2ec-5901c46baccc,Owner,/subscriptions/1bfd01bb-a3e6-4aee-a2ec-5901c46baccc,/subscriptions/1bfd01bb-a3e6-4aee-a2ec-5901c46baccc/providers/Microsoft.Authorization/roleAssignments/1a3e825a-3355-4a4f-a068-ae790738acf5,YES,2026-09-15T09:33:27.442092+00:00
Unknown,,Unknown,cd8a369c-8c8a-4b12-867c-cda1461a5f94,Anoop Zindabaad,1bfd01bb-a3e6-4aee-a2ec-5901c46baccc,Owner,/subscriptions/1bfd01bb-a3e6-4aee-a2ec-5901c46baccc,/subscriptions/1bfd01bb-a3e6-4aee-a2ec-5901c46baccc/providers/Microsoft.Authorization/roleAssignments/62b03e06-24a8-45aa-a6c5-9be8a5d14f7c,YES,2026-09-15T09:33:27.442092+00:00
Unknown,,Unknown,5097e610-bb1e-4bbf-811a-12c74f445ed6,Anoop Zindabaad,1bfd01bb-a3e6-4aee-a2ec-5901c46baccc,Key Vault Secrets Officer,/subscriptions/1bfd01bb-a3e6-4aee-a2ec-5901c46baccc/resourceGroups/aks-rg/providers/Microsoft.KeyVault/vaults/kv-sp-to-mi,/subscriptions/1bfd01bb-a3e6-4aee-a2ec-5901c46baccc/resourceGroups/aks-rg/providers/Microsoft.KeyVault/vaults/kv-sp-to-mi/providers/Microsoft.Authorization/roleAssignments/d5fbc4fd-949a-451f-a975-13b29017fdb4,YES,2026-09-15T09:33:27.442092+00:00
Unknown,,Unknown,ec37547c-b2bd-4826-8aa7-756502e65418,Anoop Zindabaad,1bfd01bb-a3e6-4aee-a2ec-5901c46baccc,Storage File Data Privileged Reader,/subscriptions/1bfd01bb-a3e6-4aee-a2ec-5901c46baccc/resourceGroups/aks-rg/providers/Microsoft.Storage/storageAccounts/storagesptomi,/subscriptions/1bfd01bb-a3e6-4aee-a2ec-5901c46baccc/resourceGroups/aks-rg/providers/Microsoft.Storage/storageAccounts/storagesptomi/providers/Microsoft.Authorization/roleAssignments/fd5d7525-4239-4033-a470-9df2ce725a94,NO,2026-09-15T09:33:27.442092+00:00
Unknown,,Unknown,dd7407aa-bcae-4d28-a866-aae8d9ad5102,Anoop Zindabaad,1bfd01bb-a3e6-4aee-a2ec-5901c46baccc,Key Vault Secrets Officer,/subscriptions/1bfd01bb-a3e6-4aee-a2ec-5901c46baccc/resourceGroups/aks-rg/providers/Microsoft.KeyVault/vaults/kv-sp-to-mi,/subscriptions/1bfd01bb-a3e6-4aee-a2ec-5901c46baccc/resourceGroups/aks-rg/providers/Microsoft.KeyVault/vaults/kv-sp-to-mi/providers/Microsoft.Authorization/roleAssignments/53dfca43-2a02-48e0-8f3b-b861d9c4c256,YES,2026-09-15T09:33:27.442092+00:00
Unknown,,Unknown,27b6ff46-c568-40ac-8baa-1c3816f202a9,Anoop Zindabaad,1bfd01bb-a3e6-4aee-a2ec-5901c46baccc,Monitoring Data Reader,/subscriptions/1bfd01bb-a3e6-4aee-a2ec-5901c46baccc/resourcegroups/defaultresourcegroup-cca/providers/microsoft.monitor/accounts/defaultazuremonitorworkspace-cca,/subscriptions/1bfd01bb-a3e6-4aee-a2ec-5901c46baccc/resourcegroups/defaultresourcegroup-cca/providers/microsoft.monitor/accounts/defaultazuremonitorworkspace-cca/providers/Microsoft.Authorization/roleAssignments/f39c2f1e-2ca8-4f26-a95b-551114f08eab,NO,2026-09-15T09:33:27.442092+00:00
Unknown,,Unknown,27b6ff46-c568-40ac-8baa-1c3816f202a9,Anoop Zindabaad,1bfd01bb-a3e6-4aee-a2ec-5901c46baccc,Monitoring Reader,/subscriptions/1bfd01bb-a3e6-4aee-a2ec-5901c46baccc/resourcegroups/defaultresourcegroup-cca,/subscriptions/1bfd01bb-a3e6-4aee-a2ec-5901c46baccc/resourcegroups/defaultresourcegroup-cca/providers/Microsoft.Authorization/roleAssignments/eec2be18-8569-4b51-aac4-400a38d1a838,NO,2026-09-15T09:33:27.442092+00:00
Unknown,,Unknown,5097e610-bb1e-4bbf-811a-12c74f445ed6,Anoop Zindabaad,1bfd01bb-a3e6-4aee-a2ec-5901c46baccc,Grafana Admin,/subscriptions/1bfd01bb-a3e6-4aee-a2ec-5901c46baccc/resourcegroups/defaultresourcegroup-cca/providers/microsoft.dashboard/grafana/grafana-20267381451-cca,/subscriptions/1bfd01bb-a3e6-4aee-a2ec-5901c46baccc/resourcegroups/defaultresourcegroup-cca/providers/microsoft.dashboard/grafana/grafana-20267381451-cca/providers/Microsoft.Authorization/roleAssignments/17504b5c-7f30-4662-90ce-aec7b7996db9,NO,2026-09-15T09:33:27.442092+00:00
Unknown,,Unknown,d7f77803-3e63-4434-a938-31328eee4512,Anoop Zindabaad,1bfd01bb-a3e6-4aee-a2ec-5901c46baccc,Virtual Machine Contributor,/subscriptions/1bfd01bb-a3e6-4aee-a2ec-5901c46baccc,/subscriptions/1bfd01bb-a3e6-4aee-a2ec-5901c46baccc/providers/Microsoft.Authorization/roleAssignments/4e4bd14c-69ce-4eae-b7de-8ec8e5f8909a,NO,2026-09-15T09:33:27.442092+00:00
Unknown,,Unknown,d531cfe9-8b6a-404e-93a1-fa44dd1cba84,Anoop Zindabaad,1bfd01bb-a3e6-4aee-a2ec-5901c46baccc,Automation Job Operator,/subscriptions/1bfd01bb-a3e6-4aee-a2ec-5901c46baccc/resourcegroups/defaultresourcegroup-cca/providers/microsoft.automation/automationaccounts/runbookautomation,/subscriptions/1bfd01bb-a3e6-4aee-a2ec-5901c46baccc/resourcegroups/defaultresourcegroup-cca/providers/microsoft.automation/automationaccounts/runbookautomation/providers/Microsoft.Authorization/roleAssignments/7899baea-de18-44ee-aeac-f2a47456d00b,NO,2026-09-15T09:33:27.442092+00:00
Unknown,,Unknown,32968bc0-76c5-4a5f-9d8f-70c43aac3cb7,Anoop Zindabaad,1bfd01bb-a3e6-4aee-a2ec-5901c46baccc,Contributor,/subscriptions/1bfd01bb-a3e6-4aee-a2ec-5901c46baccc/resourceGroups/MC_aks-test-rg_aks-central-india_koreacentral,/subscriptions/1bfd01bb-a3e6-4aee-a2ec-5901c46baccc/resourceGroups/MC_aks-test-rg_aks-central-india_koreacentral/providers/Microsoft.Authorization/roleAssignments/a297d8ba-e1aa-4a76-bd75-a03661eddab1,YES,2026-09-15T09:33:27.442092+00:00
Unknown,,Unknown,48fab6cc-9a4f-497a-afff-569167c65353,Anoop Zindabaad,1bfd01bb-a3e6-4aee-a2ec-5901c46baccc,Contributor,/subscriptions/1bfd01bb-a3e6-4aee-a2ec-5901c46baccc,/subscriptions/1bfd01bb-a3e6-4aee-a2ec-5901c46baccc/providers/Microsoft.Authorization/roleAssignments/c3d246cf-6994-40f5-a56f-5a6ea7b2b170,YES,2026-09-15T09:33:27.442092+00:00
Unknown,,Unknown,48fab6cc-9a4f-497a-afff-569167c65353,Anoop Zindabaad,1bfd01bb-a3e6-4aee-a2ec-5901c46baccc,User Access Administrator,/subscriptions/1bfd01bb-a3e6-4aee-a2ec-5901c46baccc,/subscriptions/1bfd01bb-a3e6-4aee-a2ec-5901c46baccc/providers/Microsoft.Authorization/roleAssignments/edf167a8-f27e-4dd0-8b10-415b61fbbbd8,YES,2026-09-15T09:33:27.442092+00:00
Unknown,,Unknown,8487aceb-857f-4dc9-8b22-52c94de547b0,Anoop Zindabaad,1bfd01bb-a3e6-4aee-a2ec-5901c46baccc,Network Contributor,/subscriptions/1bfd01bb-a3e6-4aee-a2ec-5901c46baccc/resourceGroups/MC_aks-test-rg_aks-central-india_koreacentral,/subscriptions/1bfd01bb-a3e6-4aee-a2ec-5901c46baccc/resourceGroups/MC_aks-test-rg_aks-central-india_koreacentral/providers/Microsoft.Authorization/roleAssignments/13203692-cd3d-4bbd-81ef-eae80c57544a,NO,2026-09-15T09:33:27.442092+00:00
Unknown,,Unknown,d8182eee-3dcf-4ca7-a8f9-5ed3099f21b8,Anoop Zindabaad,1bfd01bb-a3e6-4aee-a2ec-5901c46baccc,Contributor,/subscriptions/1bfd01bb-a3e6-4aee-a2ec-5901c46baccc,/subscriptions/1bfd01bb-a3e6-4aee-a2ec-5901c46baccc/providers/Microsoft.Authorization/roleAssignments/9fd1c908-8395-47bd-8bc3-1f9fee3a6960,YES,2026-09-15T09:33:27.442092+00:00
Unknown,,Unknown,0abc2d76-e0c1-4398-b15e-ac8f8109f733,Anoop Zindabaad,1bfd01bb-a3e6-4aee-a2ec-5901c46baccc,Key Vault Secrets User,/subscriptions/1bfd01bb-a3e6-4aee-a2ec-5901c46baccc/resourceGroups/aks-rg/providers/Microsoft.KeyVault/vaults/kv-sp-to-mi,/subscriptions/1bfd01bb-a3e6-4aee-a2ec-5901c46baccc/resourceGroups/aks-rg/providers/Microsoft.KeyVault/vaults/kv-sp-to-mi/providers/Microsoft.Authorization/roleAssignments/0bd32e51-0a1e-4fb8-93de-039b06099bc5,YES,2026-09-15T09:33:27.442092+00:00
Unknown,,Unknown,56aacebc-252c-4185-9233-1201b9849c4f,Anoop Zindabaad,1bfd01bb-a3e6-4aee-a2ec-5901c46baccc,Contributor,/subscriptions/1bfd01bb-a3e6-4aee-a2ec-5901c46baccc/resourceGroups/aks-rg/providers/Microsoft.KeyVault/vaults/kv-sp-to-mi,/subscriptions/1bfd01bb-a3e6-4aee-a2ec-5901c46baccc/resourceGroups/aks-rg/providers/Microsoft.KeyVault/vaults/kv-sp-to-mi/providers/Microsoft.Authorization/roleAssignments/40668f6a-61a9-4f88-b407-b085c88fb2fb,YES,2026-09-15T09:33:27.442092+00:00
Unknown,,Unknown,92444ce4-30f3-4011-9d03-7316955b3fe7,Anoop Zindabaad,1bfd01bb-a3e6-4aee-a2ec-5901c46baccc,Contributor,/subscriptions/1bfd01bb-a3e6-4aee-a2ec-5901c46baccc/resourceGroups/aks-rg/providers/Microsoft.KeyVault/vaults/kv-sp-to-mi,/subscriptions/1bfd01bb-a3e6-4aee-a2ec-5901c46baccc/resourceGroups/aks-rg/providers/Microsoft.KeyVault/vaults/kv-sp-to-mi/providers/Microsoft.Authorization/roleAssignments/bb053eba-f86f-4727-9ff9-43c783d40f2b,YES,2026-09-15T09:33:27.442092+00:00
Unknown,,Unknown,56aacebc-252c-4185-9233-1201b9849c4f,Anoop Zindabaad,1bfd01bb-a3e6-4aee-a2ec-5901c46baccc,Key Vault Administrator,/subscriptions/1bfd01bb-a3e6-4aee-a2ec-5901c46baccc/resourceGroups/aks-rg/providers/Microsoft.KeyVault/vaults/kv-sp-to-mi,/subscriptions/1bfd01bb-a3e6-4aee-a2ec-5901c46baccc/resourceGroups/aks-rg/providers/Microsoft.KeyVault/vaults/kv-sp-to-mi/providers/Microsoft.Authorization/roleAssignments/062294db-844d-4f05-8812-2b883ce9df2b,YES,2026-09-15T09:33:27.442092+00:00
Unknown,,Unknown,92444ce4-30f3-4011-9d03-7316955b3fe7,Anoop Zindabaad,1bfd01bb-a3e6-4aee-a2ec-5901c46baccc,Key Vault Administrator,/subscriptions/1bfd01bb-a3e6-4aee-a2ec-5901c46baccc/resourceGroups/aks-rg/providers/Microsoft.KeyVault/vaults/kv-sp-to-mi,/subscriptions/1bfd01bb-a3e6-4aee-a2ec-5901c46baccc/resourceGroups/aks-rg/providers/Microsoft.KeyVault/vaults/kv-sp-to-mi/providers/Microsoft.Authorization/roleAssignments/f621ab9d-aaa7-4d4f-b576-f20a910df265,YES,2026-09-15T09:33:27.442092+00:00
Unknown,,Unknown,ec37547c-b2bd-4826-8aa7-756502e65418,Anoop Zindabaad,1bfd01bb-a3e6-4aee-a2ec-5901c46baccc,Key Vault Secrets Officer,/subscriptions/1bfd01bb-a3e6-4aee-a2ec-5901c46baccc/resourceGroups/aks-rg/providers/Microsoft.KeyVault/vaults/kv-sp-to-mi,/subscriptions/1bfd01bb-a3e6-4aee-a2ec-5901c46baccc/resourceGroups/aks-rg/providers/Microsoft.KeyVault/vaults/kv-sp-to-mi/providers/Microsoft.Authorization/roleAssignments/7c9b33d3-3042-4700-ac4a-a461e5e28f59,YES,2026-09-15T09:33:27.442092+00:00
Unknown,,Unknown,9ff0ad1f-6478-4f2c-8825-9e76ab3e972b,Azure subscription 1,8725eb96-e113-4eb9-902a-6943c90808d6,Owner,/subscriptions/8725eb96-e113-4eb9-902a-6943c90808d6,/subscriptions/8725eb96-e113-4eb9-902a-6943c90808d6/providers/Microsoft.Authorization/roleAssignments/0d1a4a1c-f1db-44db-88e9-f369c0506414,YES,2026-09-15T09:33:27.442092+00:00
Unknown,,Unknown,b2b6fe3d-fea8-4cdd-8d31-4f053f0e1717,Azure subscription 1,8725eb96-e113-4eb9-902a-6943c90808d6,Owner,/subscriptions/8725eb96-e113-4eb9-902a-6943c90808d6,/subscriptions/8725eb96-e113-4eb9-902a-6943c90808d6/providers/Microsoft.Authorization/roleAssignments/4215bfba-5bdf-4e10-b925-fd4d94dd11ba,YES,2026-09-15T09:33:27.442092+00:00
Unknown,,Unknown,ec1d9c9c-86cf-45e3-835f-812e9f24923f,Azure subscription 1,8725eb96-e113-4eb9-902a-6943c90808d6,Owner,/subscriptions/8725eb96-e113-4eb9-902a-6943c90808d6,/subscriptions/8725eb96-e113-4eb9-902a-6943c90808d6/providers/Microsoft.Authorization/roleAssignments/1b0d566d-5926-4981-9dd5-e5c8bb686017,YES,2026-09-15T09:33:27.442092+00:00
Unknown,,Unknown,0f7b5513-a237-48f1-9efc-b3ed200bd0a2,Azure subscription 1,8725eb96-e113-4eb9-902a-6943c90808d6,Owner,/subscriptions/8725eb96-e113-4eb9-902a-6943c90808d6,/subscriptions/8725eb96-e113-4eb9-902a-6943c90808d6/providers/Microsoft.Authorization/roleAssignments/5764ce5f-716e-4538-bcb7-ca74239cb1d1,YES,2026-09-15T09:33:27.442092+00:00
Unknown,,Unknown,74a60684-b746-4b3d-af54-d647a67483d2,Azure subscription 1,8725eb96-e113-4eb9-902a-6943c90808d6,Owner,/subscriptions/8725eb96-e113-4eb9-902a-6943c90808d6,/subscriptions/8725eb96-e113-4eb9-902a-6943c90808d6/providers/Microsoft.Authorization/roleAssignments/2b2bc6ec-8ece-467a-bf37-1d3553eb92a2,YES,2026-09-15T09:33:27.442092+00:00
Unknown,,Unknown,6e67f981-8be4-41f1-a82d-c19784dd80dc,Azure subscription 1,8725eb96-e113-4eb9-902a-6943c90808d6,Owner,/subscriptions/8725eb96-e113-4eb9-902a-6943c90808d6,/subscriptions/8725eb96-e113-4eb9-902a-6943c90808d6/providers/Microsoft.Authorization/roleAssignments/7632b526-78c5-4b9e-8370-8c206154573e,YES,2026-09-15T09:33:27.442092+00:00
Unknown,,Unknown,4c1466a4-22f3-4087-84c0-9055efe2ce21,Azure subscription 1,8725eb96-e113-4eb9-902a-6943c90808d6,Owner,/subscriptions/8725eb96-e113-4eb9-902a-6943c90808d6,/subscriptions/8725eb96-e113-4eb9-902a-6943c90808d6/providers/Microsoft.Authorization/roleAssignments/1978fb1f-cf5a-4a20-b45e-570dcd4ca580,YES,2026-09-15T09:33:27.442092+00:00
Unknown,,Unknown,5c8e1036-1f6a-4144-bc82-6bd460f3b382,Azure subscription 1,8725eb96-e113-4eb9-902a-6943c90808d6,Owner,/subscriptions/8725eb96-e113-4eb9-902a-6943c90808d6,/subscriptions/8725eb96-e113-4eb9-902a-6943c90808d6/providers/Microsoft.Authorization/roleAssignments/b5c51ffa-4371-43a0-a3d4-27ad3ed102a4,YES,2026-09-15T09:33:27.442092+00:00
Unknown,,Unknown,f4e2ad93-48d4-438b-bdd2-b85694fc288f,Azure subscription 1,8725eb96-e113-4eb9-902a-6943c90808d6,Owner,/subscriptions/8725eb96-e113-4eb9-902a-6943c90808d6,/subscriptions/8725eb96-e113-4eb9-902a-6943c90808d6/providers/Microsoft.Authorization/roleAssignments/f00b2c20-8772-4bd7-9614-7b44a59b57d3,YES,2026-09-15T09:33:27.442092+00:00
Unknown,,Unknown,85195dba-5c7a-4fa4-9207-9bb0134a09f4,Azure subscription 1,8725eb96-e113-4eb9-902a-6943c90808d6,Contributor,/subscriptions/8725eb96-e113-4eb9-902a-6943c90808d6,/subscriptions/8725eb96-e113-4eb9-902a-6943c90808d6/providers/Microsoft.Authorization/roleAssignments/8e9786f7-1ec0-474e-92ea-f4732c65e73b,YES,2026-09-15T09:33:27.442092+00:00
Unknown,,Unknown,71d25363-318f-4d18-b2a6-f9acc8c578a5,Azure subscription 1,8725eb96-e113-4eb9-902a-6943c90808d6,Defender Storage Malware Data Scanner,/subscriptions/8725eb96-e113-4eb9-902a-6943c90808d6/resourceGroups/test-monitoring-rg/providers/Microsoft.Storage/storageAccounts/testmonitoringstorage,/subscriptions/8725eb96-e113-4eb9-902a-6943c90808d6/resourceGroups/test-monitoring-rg/providers/Microsoft.Storage/storageAccounts/testmonitoringstorage/providers/Microsoft.Authorization/roleAssignments/2eab2c36-e608-4362-9fc8-488e69a88c4f,NO,2026-09-15T09:33:27.442092+00:00
Unknown,,Unknown,c488e5f5-81c9-40d1-ad26-da58d5972833,Azure subscription 1,8725eb96-e113-4eb9-902a-6943c90808d6,Contributor,/subscriptions/8725eb96-e113-4eb9-902a-6943c90808d6/resourceGroups/MC_test-monitoring-rg_testk8_centralindia,/subscriptions/8725eb96-e113-4eb9-902a-6943c90808d6/resourceGroups/MC_test-monitoring-rg_testk8_centralindia/providers/Microsoft.Authorization/roleAssignments/bae5862f-2a21-4a06-8f0e-aa7474ef9003,YES,2026-09-15T09:33:27.442092+00:00
Unknown,,Unknown,dfe4a893-32e9-46bb-a9a1-f22907634f58,Azure subscription 1,8725eb96-e113-4eb9-902a-6943c90808d6,Reader,/subscriptions/8725eb96-e113-4eb9-902a-6943c90808d6/resourcegroups/test-monitoring-rg,/subscriptions/8725eb96-e113-4eb9-902a-6943c90808d6/resourcegroups/test-monitoring-rg/providers/Microsoft.Authorization/roleAssignments/8f5ab222-0150-58d8-8d9e-6e5121d47bbf,NO,2026-09-15T09:33:27.442092+00:00
Unknown,,Unknown,b3674c3b-6de2-42de-be4f-ad842f6f0068,Azure subscription 1,8725eb96-e113-4eb9-902a-6943c90808d6,Reader,/subscriptions/8725eb96-e113-4eb9-902a-6943c90808d6/resourcegroups/test-monitoring-rg,/subscriptions/8725eb96-e113-4eb9-902a-6943c90808d6/resourcegroups/test-monitoring-rg/providers/Microsoft.Authorization/roleAssignments/7121c934-7c3c-574a-b8a5-30ca81737353,NO,2026-09-15T09:33:27.442092+00:00
Unknown,,Unknown,ff9cca1b-07af-4295-ba60-7fd179ade938,Azure subscription 1,8725eb96-e113-4eb9-902a-6943c90808d6,Reader,/subscriptions/8725eb96-e113-4eb9-902a-6943c90808d6/resourcegroups/test-monitoring-rg,/subscriptions/8725eb96-e113-4eb9-902a-6943c90808d6/resourcegroups/test-monitoring-rg/providers/Microsoft.Authorization/roleAssignments/104ba55b-aa3b-5a95-95c5-a9fcb30574b7,NO,2026-09-15T09:33:27.442092+00:00
Unknown,,Unknown,934d1086-ed77-490a-b3fc-21f379e4f886,Azure subscription 1,8725eb96-e113-4eb9-902a-6943c90808d6,Reader,/subscriptions/8725eb96-e113-4eb9-902a-6943c90808d6/resourcegroups/test-monitoring-rg,/subscriptions/8725eb96-e113-4eb9-902a-6943c90808d6/resourcegroups/test-monitoring-rg/providers/Microsoft.Authorization/roleAssignments/b35a3284-8cac-5db8-99ef-24f58e6cd3ce,NO,2026-09-15T09:33:27.442092+00:00
Unknown,,Unknown,35589642-13f1-438f-a692-28d774b86830,Azure subscription 1,8725eb96-e113-4eb9-902a-6943c90808d6,Reader,/subscriptions/8725eb96-e113-4eb9-902a-6943c90808d6/resourcegroups/test-monitoring-rg,/subscriptions/8725eb96-e113-4eb9-902a-6943c90808d6/resourcegroups/test-monitoring-rg/providers/Microsoft.Authorization/roleAssignments/84c2e197-6459-5a69-8626-821b723cbd0a,NO,2026-09-15T09:33:27.442092+00:00
Unknown,,Unknown,66bbc74e-5690-49de-82c2-28427df460da,Azure subscription 1,8725eb96-e113-4eb9-902a-6943c90808d6,Monitoring Reader,/subscriptions/8725eb96-e113-4eb9-902a-6943c90808d6/resourcegroups/test-monitoring-rg,/subscriptions/8725eb96-e113-4eb9-902a-6943c90808d6/resourcegroups/test-monitoring-rg/providers/Microsoft.Authorization/roleAssignments/dca3b2db-c80a-e1c3-784e-ebd69d1d612e,NO,2026-09-15T09:33:27.442092+00:00
Unknown,,Unknown,74a60684-b746-4b3d-af54-d647a67483d2,Azure subscription 1,8725eb96-e113-4eb9-902a-6943c90808d6,Grafana Admin,/subscriptions/8725eb96-e113-4eb9-902a-6943c90808d6/resourcegroups/test-monitoring-rg/providers/microsoft.dashboard/grafana/grafana-20260908090013,/subscriptions/8725eb96-e113-4eb9-902a-6943c90808d6/resourcegroups/test-monitoring-rg/providers/microsoft.dashboard/grafana/grafana-20260908090013/providers/Microsoft.Authorization/roleAssignments/a6791bb6-ac2b-6f8f-abfb-c7b02cc83433,NO,2026-09-15T09:33:27.442092+00:00
Unknown,,Unknown,66bbc74e-5690-49de-82c2-28427df460da,Azure subscription 1,8725eb96-e113-4eb9-902a-6943c90808d6,Monitoring Data Reader,/subscriptions/8725eb96-e113-4eb9-902a-6943c90808d6/resourcegroups/defaultresourcegroup-cid/providers/microsoft.monitor/accounts/defaultazuremonitorworkspace-cid,/subscriptions/8725eb96-e113-4eb9-902a-6943c90808d6/resourcegroups/defaultresourcegroup-cid/providers/microsoft.monitor/accounts/defaultazuremonitorworkspace-cid/providers/Microsoft.Authorization/roleAssignments/92b31780-caf1-868f-efa9-fdb2f4cf0b66,NO,2026-09-15T09:33:27.442092+00:00
Unknown,,Unknown,f4e2ad93-48d4-438b-bdd2-b85694fc288f,Azure subscription 1,8725eb96-e113-4eb9-902a-6943c90808d6,Foundry User,/subscriptions/8725eb96-e113-4eb9-902a-6943c90808d6,/subscriptions/8725eb96-e113-4eb9-902a-6943c90808d6/providers/Microsoft.Authorization/roleAssignments/ebcdad2a-1c02-4200-a1e7-0dbd8d9e9f89,NO,2026-09-15T09:33:27.442092+00:00
Unknown,,Unknown,f4e2ad93-48d4-438b-bdd2-b85694fc288f,Azure subscription 1,8725eb96-e113-4eb9-902a-6943c90808d6,Foundry User,/subscriptions/8725eb96-e113-4eb9-902a-6943c90808d6/resourceGroups/defaultresourcegroup-cid,/subscriptions/8725eb96-e113-4eb9-902a-6943c90808d6/resourceGroups/defaultresourcegroup-cid/providers/Microsoft.Authorization/roleAssignments/443fc5f1-0b8e-467c-a4ec-5cd5c0cffc72,NO,2026-09-15T09:33:27.442092+00:00
Unknown,,Unknown,6e67f981-8be4-41f1-a82d-c19784dd80dc,Azure subscription 1,8725eb96-e113-4eb9-902a-6943c90808d6,Foundry User,/subscriptions/8725eb96-e113-4eb9-902a-6943c90808d6,/subscriptions/8725eb96-e113-4eb9-902a-6943c90808d6/providers/Microsoft.Authorization/roleAssignments/e72a3f09-bff0-4fb3-87fc-605d12508539,NO,2026-09-15T09:33:27.442092+00:00
Unknown,,Unknown,0fa234f5-4512-488c-a766-f48b1a2fcea5,Azure subscription 1,b8e77924-89da-41ce-8257-846989faab77,Owner,/subscriptions/b8e77924-89da-41ce-8257-846989faab77,/subscriptions/b8e77924-89da-41ce-8257-846989faab77/providers/Microsoft.Authorization/roleAssignments/dbc1d286-7680-4327-a885-14e1781061f6,YES,2026-09-15T09:33:27.442092+00:00
Unknown,,Unknown,0fa234f5-4512-488c-a766-f48b1a2fcea5,Azure subscription 1,b8e77924-89da-41ce-8257-846989faab77,Owner,/subscriptions/b8e77924-89da-41ce-8257-846989faab77,/subscriptions/b8e77924-89da-41ce-8257-846989faab77/providers/Microsoft.Authorization/roleAssignments/e29dfa24-dd75-4e73-b9a3-89617299c65a,YES,2026-09-15T09:33:27.442092+00:00
Unknown,,Unknown,b7943673-05fe-4b43-a0b7-5f1fea6fa18d,Azure subscription 1,b8e77924-89da-41ce-8257-846989faab77,Owner,/subscriptions/b8e77924-89da-41ce-8257-846989faab77,/subscriptions/b8e77924-89da-41ce-8257-846989faab77/providers/Microsoft.Authorization/roleAssignments/b4b322f7-81a3-4cc8-a37f-7380b8dcb880,YES,2026-09-15T09:33:27.442092+00:00
Unknown,,Unknown,7ac419aa-f855-441f-9e36-e6b212a0a493,Azure subscription 1,b8e77924-89da-41ce-8257-846989faab77,AcrPull,/subscriptions/b8e77924-89da-41ce-8257-846989faab77/resourcegroups/akkc/providers/Microsoft.ContainerRegistry/registries/containerappacr01,/subscriptions/b8e77924-89da-41ce-8257-846989faab77/resourcegroups/akkc/providers/Microsoft.ContainerRegistry/registries/containerappacr01/providers/Microsoft.Authorization/roleAssignments/9edf0fb7-fe4a-5711-b63b-cbb07ef56224,NO,2026-09-15T09:33:27.442092+00:00
myinfraapp,,Service Principal,26438d3b-243e-4b06-86f6-d80b2454d3d4,Azure subscription 1,b8e77924-89da-41ce-8257-846989faab77,Contributor,/subscriptions/b8e77924-89da-41ce-8257-846989faab77,/subscriptions/b8e77924-89da-41ce-8257-846989faab77/providers/Microsoft.Authorization/roleAssignments/9a8187ef-daed-4856-b657-5b43b2186b2c,YES,2026-09-15T09:33:27.442092+00:00
ado-azure-app-unnaoit,,Service Principal,df4ef3cf-3ddf-489e-b907-63181725b701,Azure subscription 1,b8e77924-89da-41ce-8257-846989faab77,Contributor,/subscriptions/b8e77924-89da-41ce-8257-846989faab77,/subscriptions/b8e77924-89da-41ce-8257-846989faab77/providers/Microsoft.Authorization/roleAssignments/1bdfd5b6-1060-4268-8e58-2fdea421200e,YES,2026-09-15T09:33:27.442092+00:00
ado-azure-app-unnaoit,,Service Principal,df4ef3cf-3ddf-489e-b907-63181725b701,Azure subscription 1,b8e77924-89da-41ce-8257-846989faab77,Storage Blob Data Contributor,/subscriptions/b8e77924-89da-41ce-8257-846989faab77/resourceGroups/akkc/providers/Microsoft.Storage/storageAccounts/azureadostgtest01,/subscriptions/b8e77924-89da-41ce-8257-846989faab77/resourceGroups/akkc/providers/Microsoft.Storage/storageAccounts/azureadostgtest01/providers/Microsoft.Authorization/roleAssignments/3b411366-7bfb-44e8-a17f-5ffb660e354f,NO,2026-09-15T09:33:27.442092+00:00
myinfraapp,,Service Principal,26438d3b-243e-4b06-86f6-d80b2454d3d4,Azure subscription 1,b8e77924-89da-41ce-8257-846989faab77,Storage Blob Data Contributor,/subscriptions/b8e77924-89da-41ce-8257-846989faab77/resourceGroups/akkc/providers/Microsoft.Storage/storageAccounts/azureadostgtest01,/subscriptions/b8e77924-89da-41ce-8257-846989faab77/resourceGroups/akkc/providers/Microsoft.Storage/storageAccounts/azureadostgtest01/providers/Microsoft.Authorization/roleAssignments/8ee70038-aeaa-45ce-84ec-73b529363477,NO,2026-09-15T09:33:27.442092+00:00
ado-dev-app,,Service Principal,f86d1ff7-83ed-4f71-aba1-d3e2d3f9f176,Azure subscription 1,b8e77924-89da-41ce-8257-846989faab77,Contributor,/subscriptions/b8e77924-89da-41ce-8257-846989faab77,/subscriptions/b8e77924-89da-41ce-8257-846989faab77/providers/Microsoft.Authorization/roleAssignments/341383ea-66f0-44f6-971e-0bb3d3f56ac9,YES,2026-09-15T09:33:27.442092+00:00
ado-dev-app,,Service Principal,f86d1ff7-83ed-4f71-aba1-d3e2d3f9f176,Azure subscription 1,b8e77924-89da-41ce-8257-846989faab77,Storage Blob Data Contributor,/subscriptions/b8e77924-89da-41ce-8257-846989faab77/resourceGroups/akkc/providers/Microsoft.Storage/storageAccounts/azureadostgtest01,/subscriptions/b8e77924-89da-41ce-8257-846989faab77/resourceGroups/akkc/providers/Microsoft.Storage/storageAccounts/azureadostgtest01/providers/Microsoft.Authorization/roleAssignments/1fd8e1ec-ccc9-404f-9c21-6e7e6fa2ac46,NO,2026-09-15T09:33:27.442092+00:00
Unknown,,Unknown,045309be-fadb-41ac-adeb-9ac51ec78bc2,Azure subscription 1,b8e77924-89da-41ce-8257-846989faab77,Contributor,/subscriptions/b8e77924-89da-41ce-8257-846989faab77/resourceGroups/CMMI-TEST-PROJECT-RG/providers/Microsoft.KeyVault/vaults/CMMI-TEST-PROJECT-KV,/subscriptions/b8e77924-89da-41ce-8257-846989faab77/resourceGroups/CMMI-TEST-PROJECT-RG/providers/Microsoft.KeyVault/vaults/CMMI-TEST-PROJECT-KV/providers/Microsoft.Authorization/roleAssignments/afa05139-3512-4ebc-9865-f40cc8059103,YES,2026-09-15T09:33:27.442092+00:00
Unknown,,Unknown,0f5b828a-1299-4ca7-a8d1-bee3e28ec590,Azure subscription 1,b8e77924-89da-41ce-8257-846989faab77,Contributor,/subscriptions/b8e77924-89da-41ce-8257-846989faab77/resourceGroups/CMMI-TEST-PROJECT-RG/providers/Microsoft.KeyVault/vaults/CMMI-TEST-PROJECT-KV,/subscriptions/b8e77924-89da-41ce-8257-846989faab77/resourceGroups/CMMI-TEST-PROJECT-RG/providers/Microsoft.KeyVault/vaults/CMMI-TEST-PROJECT-KV/providers/Microsoft.Authorization/roleAssignments/d89a3e05-94e3-47bc-af05-d90063024793,YES,2026-09-15T09:33:27.442092+00:00
ado-azure-app-unnaoit,,Service Principal,df4ef3cf-3ddf-489e-b907-63181725b701,Azure subscription 1,b8e77924-89da-41ce-8257-846989faab77,Key Vault Secrets Officer,/subscriptions/b8e77924-89da-41ce-8257-846989faab77/resourceGroups/CMMI-TEST-PROJECT-RG/providers/Microsoft.KeyVault/vaults/CMMI-TEST-PROJECT-KV,/subscriptions/b8e77924-89da-41ce-8257-846989faab77/resourceGroups/CMMI-TEST-PROJECT-RG/providers/Microsoft.KeyVault/vaults/CMMI-TEST-PROJECT-KV/providers/Microsoft.Authorization/roleAssignments/6c36b13a-6b14-4f85-ab3e-602043b27ee3,YES,2026-09-15T09:33:27.442092+00:00
ado-dev-app,,Service Principal,f86d1ff7-83ed-4f71-aba1-d3e2d3f9f176,Azure subscription 1,b8e77924-89da-41ce-8257-846989faab77,Key Vault Secrets Officer,/subscriptions/b8e77924-89da-41ce-8257-846989faab77/resourceGroups/CMMI-TEST-PROJECT-RG/providers/Microsoft.KeyVault/vaults/CMMI-TEST-PROJECT-KV,/subscriptions/b8e77924-89da-41ce-8257-846989faab77/resourceGroups/CMMI-TEST-PROJECT-RG/providers/Microsoft.KeyVault/vaults/CMMI-TEST-PROJECT-KV/providers/Microsoft.Authorization/roleAssignments/e8d2c157-1e31-4ac7-9533-2a0eb33c169f,YES,2026-09-15T09:33:27.442092+00:00
Unknown,,Unknown,045309be-fadb-41ac-adeb-9ac51ec78bc2,Azure subscription 1,b8e77924-89da-41ce-8257-846989faab77,Key Vault Administrator,/subscriptions/b8e77924-89da-41ce-8257-846989faab77/resourceGroups/CMMI-TEST-PROJECT-RG/providers/Microsoft.KeyVault/vaults/CMMI-TEST-PROJECT-KV,/subscriptions/b8e77924-89da-41ce-8257-846989faab77/resourceGroups/CMMI-TEST-PROJECT-RG/providers/Microsoft.KeyVault/vaults/CMMI-TEST-PROJECT-KV/providers/Microsoft.Authorization/roleAssignments/c5da351a-c7af-4a60-a63f-379083374104,YES,2026-09-15T09:33:27.442092+00:00
Unknown,,Unknown,0f5b828a-1299-4ca7-a8d1-bee3e28ec590,Azure subscription 1,b8e77924-89da-41ce-8257-846989faab77,Key Vault Administrator,/subscriptions/b8e77924-89da-41ce-8257-846989faab77/resourceGroups/CMMI-TEST-PROJECT-RG/providers/Microsoft.KeyVault/vaults/CMMI-TEST-PROJECT-KV,/subscriptions/b8e77924-89da-41ce-8257-846989faab77/resourceGroups/CMMI-TEST-PROJECT-RG/providers/Microsoft.KeyVault/vaults/CMMI-TEST-PROJECT-KV/providers/Microsoft.Authorization/roleAssignments/07cd7039-c8ad-4440-b556-3a87e7639fba,YES,2026-09-15T09:33:27.442092+00:00
Unknown,,Unknown,2a9e021c-7238-4b32-bde5-cb62a421f2c6,Azure subscription 1,b8e77924-89da-41ce-8257-846989faab77,AcrPull,/subscriptions/b8e77924-89da-41ce-8257-846989faab77/resourcegroups/akkc/providers/Microsoft.ContainerRegistry/registries/containerappacr01,/subscriptions/b8e77924-89da-41ce-8257-846989faab77/resourcegroups/akkc/providers/Microsoft.ContainerRegistry/registries/containerappacr01/providers/Microsoft.Authorization/roleAssignments/b2e3d987-1c1d-5f51-8448-273cd57bcaf2,NO,2026-09-15T09:33:27.442092+00:00
Unknown,,Unknown,dd8b790c-ad95-4508-b8bd-f856b7fff6b9,Azure subscription 1,b8e77924-89da-41ce-8257-846989faab77,AcrPull,/subscriptions/b8e77924-89da-41ce-8257-846989faab77/resourceGroups/akkc/providers/Microsoft.ContainerRegistry/registries/containerappacr01,/subscriptions/b8e77924-89da-41ce-8257-846989faab77/resourceGroups/akkc/providers/Microsoft.ContainerRegistry/registries/containerappacr01/providers/Microsoft.Authorization/roleAssignments/9976632d-c801-9924-5b4f-45218a17133b,NO,2026-09-15T09:33:27.442092+00:00
Unknown,,Unknown,a7dcc9f3-3081-4a78-8259-bace32202524,Azure subscription 1,b8e77924-89da-41ce-8257-846989faab77,Contributor,/subscriptions/b8e77924-89da-41ce-8257-846989faab77,/subscriptions/b8e77924-89da-41ce-8257-846989faab77/providers/Microsoft.Authorization/roleAssignments/a937cce2-7c6e-4e7a-a608-c847aa3033a3,YES,2026-09-15T09:33:27.442092+00:00
Unknown,,Unknown,7489376d-f40f-45ef-b79a-80014dcf475a,Azure subscription 1,b8e77924-89da-41ce-8257-846989faab77,AcrPull,/subscriptions/b8e77924-89da-41ce-8257-846989faab77/resourceGroups/akkc/providers/Microsoft.ContainerRegistry/registries/containerappacr01,/subscriptions/b8e77924-89da-41ce-8257-846989faab77/resourceGroups/akkc/providers/Microsoft.ContainerRegistry/registries/containerappacr01/providers/Microsoft.Authorization/roleAssignments/06e0678b-9582-4b30-b332-49fdcf5aa657,NO,2026-09-15T09:33:27.442092+00:00
Unknown,,Unknown,0ae0ec7d-3a86-4ff9-a267-aaf1490c4b26,Azure subscription 1,b8e77924-89da-41ce-8257-846989faab77,AcrPull,/subscriptions/b8e77924-89da-41ce-8257-846989faab77/resourcegroups/akkc/providers/Microsoft.ContainerRegistry/registries/containerappacr01,/subscriptions/b8e77924-89da-41ce-8257-846989faab77/resourcegroups/akkc/providers/Microsoft.ContainerRegistry/registries/containerappacr01/providers/Microsoft.Authorization/roleAssignments/81ddd120-a696-424c-8484-e71255ca3c9d,NO,2026-09-15T09:33:27.442092+00:00
Unknown,,Unknown,7a5b77b6-40b2-4947-845e-1b334855cbaa,Azure subscription 1,b8e77924-89da-41ce-8257-846989faab77,AcrPull,/subscriptions/b8e77924-89da-41ce-8257-846989faab77/resourcegroups/akkc/providers/Microsoft.ContainerRegistry/registries/containerappacr01,/subscriptions/b8e77924-89da-41ce-8257-846989faab77/resourcegroups/akkc/providers/Microsoft.ContainerRegistry/registries/containerappacr01/providers/Microsoft.Authorization/roleAssignments/5e9c07e4-b6b4-4655-9674-eb288ed061ab,NO,2026-09-15T09:33:27.442092+00:00
dkc-app,,Service Principal,57a781bd-497c-4caa-96cb-b1f7ff2383e7,Azure subscription 1,b8e77924-89da-41ce-8257-846989faab77,Contributor,/subscriptions/b8e77924-89da-41ce-8257-846989faab77,/subscriptions/b8e77924-89da-41ce-8257-846989faab77/providers/Microsoft.Authorization/roleAssignments/b1ba580c-9c55-44cb-91d0-b133b5284292,YES,2026-09-15T09:33:27.442092+00:00
Unknown,,Unknown,32efc065-b8ab-4f1c-b6a2-b2174ac0696c,Azure subscription 1,b8e77924-89da-41ce-8257-846989faab77,Contributor,/subscriptions/b8e77924-89da-41ce-8257-846989faab77,/subscriptions/b8e77924-89da-41ce-8257-846989faab77/providers/Microsoft.Authorization/roleAssignments/afb1bf1f-880f-4b28-b16f-5ee5ab69cafe,YES,2026-09-15T09:33:27.442092+00:00
h-aks,,Service Principal,c0087c58-816b-4ecf-b2d9-cd6f88c6bc36,Azure subscription 1,b8e77924-89da-41ce-8257-846989faab77,Contributor,/subscriptions/b8e77924-89da-41ce-8257-846989faab77/resourceGroups/MC_akkc_h-aks_westus,/subscriptions/b8e77924-89da-41ce-8257-846989faab77/resourceGroups/MC_akkc_h-aks_westus/providers/Microsoft.Authorization/roleAssignments/555f0e11-0628-44cc-9950-225c682874c6,YES,2026-09-15T09:33:27.442092+00:00
dkc-app,,Service Principal,57a781bd-497c-4caa-96cb-b1f7ff2383e7,Azure subscription 1,b8e77924-89da-41ce-8257-846989faab77,Storage Blob Data Contributor,/subscriptions/b8e77924-89da-41ce-8257-846989faab77/resourcegroups/dkc-rg/providers/Microsoft.Storage/storageAccounts/statestorageaccount7,/subscriptions/b8e77924-89da-41ce-8257-846989faab77/resourcegroups/dkc-rg/providers/Microsoft.Storage/storageAccounts/statestorageaccount7/providers/Microsoft.Authorization/roleAssignments/942b9f59-7ade-4fd2-bdf4-814ff7abb715,NO,2026-09-15T09:33:27.442092+00:00
Unknown,,Unknown,6da7714a-c489-49fd-8007-d2b5c3b787ad,Azure subscription 1,b8e77924-89da-41ce-8257-846989faab77,Key Vault Secrets Officer,/subscriptions/b8e77924-89da-41ce-8257-846989faab77/resourceGroups/CMMI-TEST-PROJECT-RG/providers/Microsoft.KeyVault/vaults/CMMI-TEST-PROJECT-KV,/subscriptions/b8e77924-89da-41ce-8257-846989faab77/resourceGroups/CMMI-TEST-PROJECT-RG/providers/Microsoft.KeyVault/vaults/CMMI-TEST-PROJECT-KV/providers/Microsoft.Authorization/roleAssignments/a30916da-bddb-45c4-815a-23fc2df60d7c,YES,2026-09-15T09:33:27.442092+00:00
dkc-app,,Service Principal,57a781bd-497c-4caa-96cb-b1f7ff2383e7,Azure subscription 1,b8e77924-89da-41ce-8257-846989faab77,Key Vault Secrets Officer,/subscriptions/b8e77924-89da-41ce-8257-846989faab77/resourceGroups/CMMI-TEST-PROJECT-RG/providers/Microsoft.KeyVault/vaults/CMMI-TEST-PROJECT-KV,/subscriptions/b8e77924-89da-41ce-8257-846989faab77/resourceGroups/CMMI-TEST-PROJECT-RG/providers/Microsoft.KeyVault/vaults/CMMI-TEST-PROJECT-KV/providers/Microsoft.Authorization/roleAssignments/393d26a7-b3cd-41ed-9f14-51ad57b047ca,YES,2026-09-15T09:33:27.442092+00:00
